numeroImputs,loss,accuracy,secEjecucion
5,0.5820648734703725,0.7445887327194214,6
4,0.5629940804464992,0.7316017150878906,6
3,0.5636665383716682,0.7272727489471436,7
7,0.5899841296466398,0.709956705570221,7
6,0.5982845384321172,0.6969696879386902,6
1,0.585184122576858,0.6883116960525513,9
8,0.6063710355655455,0.6796537041664124,6
2,0.5987377455740264,0.6666666865348816,8
