layers,loss,accuracy,secEjecucion
2,0.6037380203798219,0.7056276798248291,8
3,0.5811175180203987,0.7056276798248291,8
4,0.583772772318357,0.701298713684082,6
5,0.6087547256833031,0.6536796689033508,7
