cluster,cantProteinas90,sumImportancia90,cantProteinas95,simImportancia95
0,54,0.9024875848822893,65,0.9521107305469702
1,41,0.9015736421502782,55,0.952464605687961
2,53,0.9025194741010444,64,0.9536126669901626
3,58,0.9038854210706363,68,0.9527618218634032
4,43,0.9020173086249962,58,0.9515278514039835
5,53,0.9039414240920581,64,0.9528033422316801
