,0,1,accuracy,macro avg,weighted avg
precision,0.6890243902439024,0.43283582089552236,0.6147186147186147,0.5609301055697123,0.6003010761838573
recall,0.7483443708609272,0.3625,0.6147186147186147,0.5554221854304636,0.6147186147186147
f1-score,0.7174603174603174,0.3945578231292517,0.6147186147186147,0.5560090702947845,0.605632613795879
support,151.0,80.0,0.6147186147186147,231.0,231.0
