funcion,loss,accuracy,secEjecucion
"['tanh', 'relu', 'sigmoid']",0.6089140078722141,0.7316017150878906,7
"['tanh', 'tanh', 'sigmoid']",0.5855823138575533,0.709956705570221,8
"['relu', 'relu', 'sigmoid']",0.5927491118381549,0.6796537041664124,7
"['relu', 'tanh', 'sigmoid']",0.5984908621032516,0.6753246784210205,7
