elimnaVaraibles,loss,accuracy,secEjecucion
3,0.60530461209677,0.7272727489471436,10
1,0.6359310342377914,0.709956705570221,7
2,0.588062754699162,0.7056276798248291,11
4,0.6455726187466543,0.6536796689033508,7
